-- phpMyAdmin SQL Dump
-- version 5.2.1
-- https://www.phpmyadmin.net/
--
-- Host: 127.0.0.1
-- Generation Time: Jan 03, 2024 at 02:49 PM
-- Server version: 10.4.28-MariaDB
-- PHP Version: 8.2.4

SET SQL_MODE = "NO_AUTO_VALUE_ON_ZERO";
START TRANSACTION;
SET time_zone = "+00:00";


/*!40101 SET @OLD_CHARACTER_SET_CLIENT=@@CHARACTER_SET_CLIENT */;
/*!40101 SET @OLD_CHARACTER_SET_RESULTS=@@CHARACTER_SET_RESULTS */;
/*!40101 SET @OLD_COLLATION_CONNECTION=@@COLLATION_CONNECTION */;
/*!40101 SET NAMES utf8mb4 */;

--
-- Database: `db_daftarskripsi`
--

-- --------------------------------------------------------

--
-- Table structure for table `daftar_cluster`
--

CREATE TABLE `daftar_cluster` (
  `JudulSkripsi` varchar(255) DEFAULT NULL,
  `NamaPeneliti` varchar(255) DEFAULT NULL,
  `Tahun` int(11) DEFAULT NULL,
  `ProgramStudi` varchar(255) DEFAULT NULL,
  `cluster_label` varchar(255) DEFAULT NULL
) ENGINE=InnoDB DEFAULT CHARSET=utf8mb4 COLLATE=utf8mb4_general_ci;

-- --------------------------------------------------------

--
-- Table structure for table `daftar_skripsi`
--

CREATE TABLE `daftar_skripsi` (
  `id` int(11) NOT NULL,
  `judul_skripsi` varchar(255) NOT NULL,
  `nama_peneliti` varchar(255) NOT NULL,
  `tahun` int(11) NOT NULL,
  `program_studi` varchar(255) NOT NULL
) ENGINE=InnoDB DEFAULT CHARSET=utf8mb4 COLLATE=utf8mb4_general_ci;

--
-- Dumping data for table `daftar_skripsi`
--

INSERT INTO `daftar_skripsi` (`id`, `judul_skripsi`, `nama_peneliti`, `tahun`, `program_studi`) VALUES
(1, 'Alat Pendeteksi Kebocoran Gas Lpg Berbasis Arduino Uno Dengan Sms (Short Message Service) Sebagai Notifikasi', 'Adesta Tito Suwandhita', 2018, 'Teknik Informatika'),
(2, 'Sistem Pendukung Keputusan Penilaian Kinerja Pegawai Honorer Menggunakan Metode Weighted Product (Wp) Pada : Kantor Kelurahan Loa Bakung Samarinda', 'Muhammad Faizal Rusbian', 2018, 'Sistem Informasi'),
(3, 'Membangun Pengenalan Hewan Augmented Reality Berbasis Android Menggunakan Vuforia', 'Zulfikar Fitri Istyanto', 2018, 'Teknik Informatika'),
(4, 'Alat Penyiram Tanaman Otomatis Menggunakan Arduino Uno Dengan Kendali Sms', 'Aris Prasetyo', 2018, 'Teknik Informatika'),
(5, 'Desain Dan Implementasi E-Learning Pada Lkp Active English Course Tenggarong Berbasis Web', 'Riski apriliansyah', 2020, 'Sistem Informasi'),
(6, 'Sistem Pendukung Keputusan Penyeleksian Calon Karyawan Bagian Operator Alat Berat Pada Pt> Pama Persada Nusantara Menggunakan Metode Mfep Berbasis Web', 'I Komang Ari Wijaya Saputra', 2019, 'Teknik Informatika'),
(7, 'Sistem Informasi Reservasi Kamar Berbasis Website Pada Homestay Dewantara 11 Samarinda', 'Rifqi', 2019, 'Sistem Informasi'),
(8, 'Sistem Pendukung Keputusan Penentuan Penerimaan Beasiswa Perusahaan Pt.Pkn Dengan Metode Smart Bagi Siswa Smp Negeri 3 Tanjung Selor Berbasis Web', 'Yosia Kelso', 2019, 'Sistem Informasi'),
(9, 'Decision Support System Pemilihan Siswa Untuk Mengikuti Olimpiade Sains Biologi Dengan Metode Simple Multi Attribute Rating Technique (Smart) Pada Sma Negeri 5 Samarinda', 'Dewi Anggraini Nopiasih', 2019, 'Sistem Informasi'),
(10, 'Sistem Informasi Reservasi Dan Pariwisata Pada Taman Wisata Graha Mangrove Bontang Kaltim Berbasis Website', 'Muhammad Arfin Aprianto', 2019, 'Sistem Informasi'),
(11, 'Sistem Informasi Monitoring Kehadiran Pegawai Pada Seksi Pengendalian Dan Ketertiban Dinas Perhubungan Kota Samarinda Berbasis Online', 'Dean Swarna Dwipa', 2019, 'Teknik Informatika'),
(12, 'Implementasi Pengenalan Pola Tanda Tangan Menggunakan Jaringan Syaraf Tiruan Learning Vector Quantization (Lvq)', 'M. Irwan Ukkas', 2019, 'Sistem Informasi'),
(13, 'Sistem Pendukung Keputusan Penerimaan Teller Pada Bank Bri Menggunkan Metode Smarter Berbasis Web', 'Muhammad Suriansyah', 2019, 'Sistem Informasi'),
(14, 'Membangun Game Jojo Adventure Platform Berbasis Android', 'Rasim Delik', 2019, 'Sistem Informasi'),
(15, 'Sistem Informasi Pemesanan Jasa Percetakan Pada Cv.Semoga Sukses Samarinda Berbasis Web', 'Sefty Wijayanti', 2019, 'Sistem Informasi'),
(16, 'Membangun E-Commerce Oleh-Oleh Khas Kota Samarinda Studi Kasus Pada Umkm Kios Andi 89', 'Ekawati Yulsilviana', 2019, 'Sistem Informasi'),
(17, 'Aplikasi Pembelajaran Rambu-Rambu Lalu Lintas Berbasis Multimedia', 'Irawan Satriawan Wibowo', 2018, 'Manajemen Informatika'),
(18, 'Membangun Aplikasi Pengenalan Huruf Alfabet Dengan Augmented Reality Pada Lembaga Kursusdan Pelatihan Edu Global Samarinda', 'Basrie', 2018, 'Manajemen Informatika'),
(19, 'Aplikasi Surat Masuk Dan Surat Keluar Pada Smk Negeri 5 Samarinda Berbasis Website', 'Hariyanti', 2018, 'Manajemen Informatika'),
(20, 'Membangun Website Pada Smpn 5 Sangkulirang', 'Nor Maria', 2018, 'Manajemen Informatika'),
(21, 'Membangun Aplikasi Pembelajaran Pengenalan Perangkat Keras Komputer Dengan Augmented Reality (Studi Kasus: Smk Bhakti Loa Janan, Kutai Kartanegara)', 'Salmon', 2018, 'Manajemen Informatika'),
(22, 'Membangun Aplikasi Pengenalan Hewan Dengan Augmented Reality Pada Sd Negeri 009 Loa Janan Ilir', 'Ahmad Nafarin', 2018, 'Manajemen Informatika'),
(23, 'Aplikasi Pemasaran Perumahan Pada Kantor Mahakam Grande Berbasis Web', 'Rizky Amalia', 2018, 'Manajemen Informatika'),
(24, 'Game Edukasi Drag And Drop Budaya Nusantara Untuk Siswa Sekolah Dasar', 'Muhammad Eko Wahyu Setiawan', 2018, 'Manajemen Informatika'),
(25, 'Membangun Website Pada Toko Borgol Samarinda', 'Tamiruddin', 2018, 'Manajemen Informatika'),
(26, 'Aplikasi Pendaftaran Siswa Baru Pada Sd Islam Al-Azhar 47 Samarinda Berbasis Web', 'Ismail Usri', 2018, 'Manajemen Informatika'),
(27, 'Membangun Proxy Server Dan Manajemen Bandwidth Pada Jaringan Komputer Dengan Winbox Menggunakan Router Mikrotik', 'Jumar Wanto', 2018, 'Teknik Informatika'),
(28, 'Sistem Pendukung Keputusan Pemilihan Bahan Baku Ayam Terbaik Untuk Usaha Rumah Makan Ibu Nur Menggunakan Metode Perbandingan Eksponensial (Mpe) Berbasis Visual', 'Muhammad Aenur Rochim', 2018, 'Teknik Informatika'),
(29, 'Perbandingan Implementasi Metode Naļve Bayes Dan C4.5 Dalam Pengklasifikasian Gaya Belajar Siswa Pada Sd Muhammadiyah 4 Terpadu', 'Gustaf Dwi Prie Anugrah', 2018, 'Teknik Informatika'),
(30, 'Membangun Policy-Based Routing Pada Jaringan Vpn Dan Astinet Menggunakan Mikrotik (Studi Kasus : Balai Besar Pengawas Obat Dan Makanan Kota Samarinda)', 'Rahmansyah', 2018, 'Teknik Informatika'),
(31, 'Membangun Pengenalan Hewan Augmented Reality Berbasis Android Menggunakan Vuforia', 'Zulfikar Fitri Istyanto', 2018, 'Teknik Informatika'),
(32, 'Implementasi Skala Likert Seleksi Karyawan Baru Dengan Metode Fuzzy Tsukamoto Berbasis Web (Studi Kasus Pada Pt Telkom Akses Area Samarinda)', 'Tendi Riandi', 2018, 'Teknik Informatika'),
(33, 'Implementasi Simple Additive Weighting (Saw) Untuk Menentukan Kenaikan Gaji Guru Honorer Pada Sdn 011 Tenggarong Seberang Berbasis Vb.Net', 'I Wayan Andi Saputra Dayana', 2018, 'Teknik Informatika'),
(34, 'Penerapan Metode Promethee Dalam Menentukan Pegawai Teladan Pada Pt.Telkom Akses', 'Taufikkuridho', 2018, 'Teknik Informatika'),
(35, 'Sistem Informasi Pengelolaan Media Pembelajaran Berbasis Intranet Pada Smp Negeri 7 Samarinda', 'Dewi Sulistyowati', 2018, 'Teknik Informatika'),
(36, 'Sistem Pendukung Keputusan Pemilihan Karyawan Berprestasi Pada Pt. Pelindo Iv (Persero) Cabang Samarinda Menggunakan Metode Analytical Hierarchy Process (Ahp)', 'Joana Mandasari', 2018, 'Teknik Informatika'),
(37, 'Membangun Website Karya Jurusan Multimedia Pada Sekolah Menengah Kejuruan Teknologi Informasi Airlangga Samarinda', 'M. Irwan Ukkas', 2017, 'Teknik Informatika'),
(38, 'Sistem Pendeteksi Peringatan Dini Keamanan Rumah Berbasis Mikrokontroler Atmega 16 Dan Sms Gateway', 'Muhamad Pratama Idipasi', 2017, 'Teknik Informatika'),
(39, 'Sistem Pendukung Keputusan Pengajuan Kartu Kredit Pada Bank Bni Menggunakan Metode Analytical Hierarchy Process', 'Bagus Harjanto', 2017, 'Teknik Informatika'),
(40, 'Penerapan Metode Perbandingan Eksponensial Dengan Skala Likert Dalam Pengembangan Sistem Pendukung Keputusan Pemilihan Berita Terbaik', 'Ade Himawan', 2017, 'Teknik Informatika'),
(41, 'Aplikasi Pemilihan Handphone Pada Parindo Celluler Dengan Metode Fuzzy Multi Criteria Decision Making', 'Surya Adi Nugraha', 2017, 'Teknik Informatika'),
(42, 'Implementasi Absensi Siswa Berbasis Sms Gateway Pada Smk Muhammadiyah 1 Samarinda', 'Reza Jakaria Rahmanto', 2017, 'Teknik Informatika'),
(43, 'Sistem Pakar Diagnosa Kerusakan Tv Tipe Lcd Menggunakan Metode Forward Chaining Pada Alna Elektronik', 'Wardana Gustiansyah', 2017, 'Teknik Informatika'),
(44, 'Penerapan Spk Decission Tree Menggunakan Algoritma C4.5 Pada Pt.Beringin', 'SAID ALWI', 2017, 'Teknik Informatika'),
(45, 'Sistem Informasi Pengolahan Data Masyarakat Pedalaman Khususnya Dayak Aoheng Kalimantan Timur Pada Dewan Pimpinan Pusat Kerukunan Keluarga Aoheng Kalimantan Timur (Dpp-Kka-Kaltim) Di Samarinda', 'Anthony Dewa Ladjar', 2017, 'Teknik Informatika'),
(46, 'Pengembangan Sistem Pengolahan Data Gaji Karyawan Pada Cv. Borneo Mandiri Jaya Berbasis Client Server', 'Agus Haryadi', 2017, 'Teknik Informatika'),
(47, 'Sistem Informasi Penjualan Suku Cadang Sepeda Motor\r\nPada Cv. Irwan Jaya Motor Berbasis Website', 'Robby Hanggara', 2017, 'Sistem Informasi'),
(48, 'Sistem Informasi Penjualan Pada Pt.Surya Madistrindo Menggunakan Sistem Barcode', 'Era Nagara', 2017, 'Sistem Informasi'),
(49, 'Sistem Informasi Cuti Pegawai Berbasis Web Pada Badan Pusat Statistik Provinsi Kalimantan Timur', 'Mahdalena', 2017, 'Sistem Informasi'),
(50, 'Sistem Pendukung Keputusan Dalam Menentukan Pembelian Jenis Mobil Merk Mitsubishi Pada Pt. Mahakam Berlian Samjaya Samarinda Dengan Menggunakan Metode Simple Additive Weighting', 'Fitrian Ramadhany', 2017, 'Sistem Informasi'),
(51, 'Sistem Informasi Surat Perintah Perjalanan Dinas Berbasis Web Pada Uptd Balai Latihan Kerja Balikpapan', 'Hudais Tri Putra', 2017, 'Sistem Informasi'),
(52, 'Sistem Informasi Kependudukan Pada Biro Peerintahan Umum Setda Prov. Kaltim Berbasis Web (Studi Kasus: Biro Pemerintahan Umum Setda Prov. Kaltim)', 'Junaidi Arbie', 2017, 'Sistem Informasi'),
(53, 'Sistem Informasi Pengajuan Cuti Karyawan Pada Pt. Danny Samudera Raya Line Samarinda Berbasis Website', 'Tommy Limarsaputra', 2017, 'Sistem Informasi'),
(54, 'Aplkasi Kamus Komputer Dan Informatika Berbasis Android', 'Michrendy', 2017, 'Sistem Informasi'),
(55, 'Media Pembelajaran Pengenalan Objek Gambar Untuk Anak Berbasis Multimedia', 'Mikael Theo', 2017, 'Sistem Informasi'),
(56, 'Sistem Informasi Barang Gudang Pada Pt. Intiboga Mandiri Samarinda', 'M.Arsyad Efendi', 2017, 'Sistem Informasi'),
(57, 'Membangun Aplikasi Pendaftaran Siswa Baru Pada Smk Negeri 5 Samarinda Berbasis Website', 'Alan Rezki Maulana', 2017, 'Manajemen Informatika'),
(58, 'Sistem Informasi Pengolahan Data Nilai Siswa Pada Smk Negeri 4 Samarinda Menggunakan Visual Basic', 'Muhammad Ridho Wahyudi', 2017, 'Manajemen Informatika'),
(59, 'Membangun Aplikasi Pengolahan Data Nilai Berbasis Web Pada Smk Negeri 15 Samarinda', 'Billy Ishak Sonneng', 2017, 'Manajemen Informatika'),
(60, 'Membangun Website Pada Tk Mayang Mekar Tenggarong Seberang', 'Lencau Arung', 2017, 'Manajemen Informatika'),
(61, 'Aplikasi Pembelajaran Siswa Siswi Taman Kanak – Kanak Pada Raudhatul Athfal Al – Falah Berbasis Multimedia', 'Muhammad Riduan', 2017, 'Manajemen Informatika'),
(62, 'Aplikasi Pengolahan Data Sparepart Pada Pt Kaltim Prima Utama Coal', 'Muhammad Salman', 2017, 'Manajemen Informatika'),
(63, 'Aplikasi Monitoring Bukti Potong Pph Pasal 15 Pada Pt. Pelayaran Duta Lintas Samudera', 'Wiwik Jayanti', 2017, 'Manajemen Informatika'),
(64, 'Aplikasi Kebugaran Tubuh Berbasis Multimedia', 'Muhammad Yasin', 2017, 'Manajemen Informatika'),
(65, 'Sistem Informasi Data Kepegawaian Pada Kantor Desa Loa Duri Ulu Berbasis Visual Basic 6.0', 'Arya Sanjaya Lantang', 2017, 'Manajemen Informatika'),
(66, 'Aplikasi Pengolahan Data Service Handphone Pada Orange Phone Samarinda', 'Nurika Dwi Lestari', 2017, 'Manajemen Informatika');

-- --------------------------------------------------------

--
-- Table structure for table `judul`
--

CREATE TABLE `judul` (
  `JudulSkripsi` text DEFAULT NULL
) ENGINE=InnoDB DEFAULT CHARSET=utf8mb4 COLLATE=utf8mb4_general_ci;

--
-- Dumping data for table `judul`
--

INSERT INTO `judul` (`JudulSkripsi`) VALUES
('Alat Pendeteksi Kebocoran Gas Lpg Berbasis Arduino Uno Dengan Sms (Short Message Service) Sebagai Notifikasi'),
('Sistem Pendukung Keputusan Penilaian Kinerja Pegawai Honorer Menggunakan Metode Weighted Product (Wp) Pada : Kantor Kelurahan Loa Bakung Samarinda'),
('Membangun Pengenalan Hewan Augmented Reality Berbasis Android Menggunakan Vuforia'),
('Alat Penyiram Tanaman Otomatis Menggunakan Arduino Uno Dengan Kendali Sms'),
('Desain Dan Implementasi E-Learning Pada Lkp Active English Course Tenggarong Berbasis Web'),
('Sistem Pendukung Keputusan Penyeleksian Calon Karyawan Bagian Operator Alat Berat Pada Pt> Pama Persada Nusantara Menggunakan Metode Mfep Berbasis Web'),
('Sistem Informasi Reservasi Kamar Berbasis Website Pada Homestay Dewantara 11 Samarinda'),
('Sistem Pendukung Keputusan Penentuan Penerimaan Beasiswa Perusahaan Pt.Pkn Dengan Metode Smart Bagi Siswa Smp Negeri 3 Tanjung Selor Berbasis Web'),
('Decision Support System Pemilihan Siswa Untuk Mengikuti Olimpiade Sains Biologi Dengan Metode Simple Multi Attribute Rating Technique (Smart) Pada Sma Negeri 5 Samarinda'),
('Sistem Informasi Reservasi Dan Pariwisata Pada Taman Wisata Graha Mangrove Bontang Kaltim Berbasis Website'),
('Sistem Informasi Monitoring Kehadiran Pegawai Pada Seksi Pengendalian Dan Ketertiban Dinas Perhubungan Kota Samarinda Berbasis Online'),
('Implementasi Pengenalan Pola Tanda Tangan Menggunakan Jaringan Syaraf Tiruan Learning Vector Quantization (Lvq)'),
('Sistem Pendukung Keputusan Penerimaan Teller Pada Bank Bri Menggunkan Metode Smarter Berbasis Web'),
('Membangun Game Jojo Adventure Platform Berbasis Android'),
('Sistem Informasi Pemesanan Jasa Percetakan Pada Cv.Semoga Sukses Samarinda Berbasis Web'),
('Membangun E-Commerce Oleh-Oleh Khas Kota Samarinda Studi Kasus Pada Umkm Kios Andi 89'),
('Aplikasi Pembelajaran Rambu-Rambu Lalu Lintas Berbasis Multimedia'),
('Membangun Aplikasi Pengenalan Huruf Alfabet Dengan Augmented Reality Pada Lembaga Kursusdan Pelatihan Edu Global Samarinda'),
('Aplikasi Surat Masuk Dan Surat Keluar Pada Smk Negeri 5 Samarinda Berbasis Website'),
('Membangun Website Pada Smpn 5 Sangkulirang'),
('Membangun Aplikasi Pembelajaran Pengenalan Perangkat Keras Komputer Dengan Augmented Reality (Studi Kasus: Smk Bhakti Loa Janan, Kutai Kartanegara)'),
('Membangun Aplikasi Pengenalan Hewan Dengan Augmented Reality Pada Sd Negeri 009 Loa Janan Ilir'),
('Aplikasi Pemasaran Perumahan Pada Kantor Mahakam Grande Berbasis Web'),
('Game Edukasi Drag And Drop Budaya Nusantara Untuk Siswa Sekolah Dasar'),
('Membangun Website Pada Toko Borgol Samarinda'),
('Aplikasi Pendaftaran Siswa Baru Pada Sd Islam Al-Azhar 47 Samarinda Berbasis Web'),
('Membangun Proxy Server Dan Manajemen Bandwidth Pada Jaringan Komputer Dengan Winbox Menggunakan Router Mikrotik'),
('Sistem Pendukung Keputusan Pemilihan Bahan Baku Ayam Terbaik Untuk Usaha Rumah Makan Ibu Nur Menggunakan Metode Perbandingan Eksponensial (Mpe) Berbasis Visual'),
('Perbandingan Implementasi Metode Naļve Bayes Dan C4.5 Dalam Pengklasifikasian Gaya Belajar Siswa Pada Sd Muhammadiyah 4 Terpadu'),
('Membangun Policy-Based Routing Pada Jaringan Vpn Dan Astinet Menggunakan Mikrotik (Studi Kasus : Balai Besar Pengawas Obat Dan Makanan Kota Samarinda)'),
('Membangun Pengenalan Hewan Augmented Reality Berbasis Android Menggunakan Vuforia'),
('Implementasi Skala Likert Seleksi Karyawan Baru Dengan Metode Fuzzy Tsukamoto Berbasis Web (Studi Kasus Pada Pt Telkom Akses Area Samarinda)'),
('Implementasi Simple Additive Weighting (Saw) Untuk Menentukan Kenaikan Gaji Guru Honorer Pada Sdn 011 Tenggarong Seberang Berbasis Vb.Net'),
('Penerapan Metode Promethee Dalam Menentukan Pegawai Teladan Pada Pt.Telkom Akses'),
('Sistem Informasi Pengelolaan Media Pembelajaran Berbasis Intranet Pada Smp Negeri 7 Samarinda'),
('Sistem Pendukung Keputusan Pemilihan Karyawan Berprestasi Pada Pt. Pelindo Iv (Persero) Cabang Samarinda Menggunakan Metode Analytical Hierarchy Process (Ahp)'),
('Membangun Website Karya Jurusan Multimedia Pada Sekolah Menengah Kejuruan Teknologi Informasi Airlangga Samarinda'),
('Sistem Pendeteksi Peringatan Dini Keamanan Rumah Berbasis Mikrokontroler Atmega 16 Dan Sms Gateway'),
('Sistem Pendukung Keputusan Pengajuan Kartu Kredit Pada Bank Bni Menggunakan Metode Analytical Hierarchy Process'),
('Penerapan Metode Perbandingan Eksponensial Dengan Skala Likert Dalam Pengembangan Sistem Pendukung Keputusan Pemilihan Berita Terbaik'),
('Aplikasi Pemilihan Handphone Pada Parindo Celluler Dengan Metode Fuzzy Multi Criteria Decision Making'),
('Implementasi Absensi Siswa Berbasis Sms Gateway Pada Smk Muhammadiyah 1 Samarinda'),
('Sistem Pakar Diagnosa Kerusakan Tv Tipe Lcd Menggunakan Metode Forward Chaining Pada Alna Elektronik'),
('Penerapan Spk Decission Tree Menggunakan Algoritma C4.5 Pada Pt.Beringin'),
('Sistem Informasi Pengolahan Data Masyarakat Pedalaman Khususnya Dayak Aoheng Kalimantan Timur Pada Dewan Pimpinan Pusat Kerukunan Keluarga Aoheng Kalimantan Timur (Dpp-Kka-Kaltim) Di Samarinda'),
('Pengembangan Sistem Pengolahan Data Gaji Karyawan Pada Cv. Borneo Mandiri Jaya Berbasis Client Server'),
('Sistem Informasi Penjualan Suku Cadang Sepeda Motor\r\nPada Cv. Irwan Jaya Motor Berbasis Website'),
('Sistem Informasi Penjualan Pada Pt.Surya Madistrindo Menggunakan Sistem Barcode'),
('Sistem Informasi Cuti Pegawai Berbasis Web Pada Badan Pusat Statistik Provinsi Kalimantan Timur'),
('Sistem Pendukung Keputusan Dalam Menentukan Pembelian Jenis Mobil Merk Mitsubishi Pada Pt. Mahakam Berlian Samjaya Samarinda Dengan Menggunakan Metode Simple Additive Weighting'),
('Sistem Informasi Surat Perintah Perjalanan Dinas Berbasis Web Pada Uptd Balai Latihan Kerja Balikpapan'),
('Sistem Informasi Kependudukan Pada Biro Peerintahan Umum Setda Prov. Kaltim Berbasis Web (Studi Kasus: Biro Pemerintahan Umum Setda Prov. Kaltim)'),
('Sistem Informasi Pengajuan Cuti Karyawan Pada Pt. Danny Samudera Raya Line Samarinda Berbasis Website'),
('Aplkasi Kamus Komputer Dan Informatika Berbasis Android'),
('Media Pembelajaran Pengenalan Objek Gambar Untuk Anak Berbasis Multimedia'),
('Sistem Informasi Barang Gudang Pada Pt. Intiboga Mandiri Samarinda'),
('Membangun Aplikasi Pendaftaran Siswa Baru Pada Smk Negeri 5 Samarinda Berbasis Website'),
('Sistem Informasi Pengolahan Data Nilai Siswa Pada Smk Negeri 4 Samarinda Menggunakan Visual Basic'),
('Membangun Aplikasi Pengolahan Data Nilai Berbasis Web Pada Smk Negeri 15 Samarinda'),
('Membangun Website Pada Tk Mayang Mekar Tenggarong Seberang'),
('Aplikasi Pembelajaran Siswa Siswi Taman Kanak – Kanak Pada Raudhatul Athfal Al – Falah Berbasis Multimedia'),
('Aplikasi Pengolahan Data Sparepart Pada Pt Kaltim Prima Utama Coal'),
('Aplikasi Monitoring Bukti Potong Pph Pasal 15 Pada Pt. Pelayaran Duta Lintas Samudera'),
('Aplikasi Kebugaran Tubuh Berbasis Multimedia'),
('Sistem Informasi Data Kepegawaian Pada Kantor Desa Loa Duri Ulu Berbasis Visual Basic 6.0'),
('Aplikasi Pengolahan Data Service Handphone Pada Orange Phone Samarinda');

-- --------------------------------------------------------

--
-- Table structure for table `nama_tabel`
--

CREATE TABLE `nama_tabel` (
  `JudulSkripsi` text DEFAULT NULL,
  `judul_cleaned` text DEFAULT NULL,
  `judul_tokenized` text DEFAULT NULL,
  `judul_lower` text DEFAULT NULL,
  `judul_no_stopwords` text DEFAULT NULL,
  `judul_stemmed` text DEFAULT NULL,
  `cluster_label` int(11) DEFAULT NULL
) ENGINE=InnoDB DEFAULT CHARSET=utf8mb4 COLLATE=utf8mb4_general_ci;

-- --------------------------------------------------------

--
-- Table structure for table `stopwords`
--

CREATE TABLE `stopwords` (
  `id` int(11) NOT NULL,
  `stopwords` varchar(255) NOT NULL
) ENGINE=InnoDB DEFAULT CHARSET=utf8mb4 COLLATE=utf8mb4_general_ci;

--
-- Dumping data for table `stopwords`
--

INSERT INTO `stopwords` (`id`, `stopwords`) VALUES
(1, 'adalah'),
(2, 'adanya'),
(3, 'adapun'),
(4, 'agak'),
(5, 'agaknya'),
(6, 'agar'),
(7, 'akan'),
(8, 'akankah'),
(9, 'akhir'),
(10, 'akhiri'),
(11, 'akhirnya'),
(12, 'aku'),
(13, 'akulah'),
(14, 'amat'),
(15, 'amatlah'),
(16, 'anda'),
(17, 'andalah'),
(18, 'antar'),
(19, 'antara'),
(20, 'antaranya'),
(21, 'apa'),
(22, 'apaan'),
(23, 'apabila'),
(24, 'apakah'),
(25, 'apalagi'),
(26, 'apatah'),
(27, 'artinya'),
(28, 'asal'),
(29, 'asalkan'),
(30, 'atas'),
(31, 'atau'),
(32, 'ataukah'),
(33, 'ataupun'),
(34, 'awal'),
(35, 'awalnya'),
(36, 'bagai'),
(37, 'bagaikan'),
(38, 'bagaimana'),
(39, 'bagaimanakah'),
(40, 'bagaimanapun'),
(41, 'bagi'),
(42, 'bagian'),
(43, 'bahkan'),
(44, 'bahwa'),
(45, 'bahwasanya'),
(46, 'baik'),
(47, 'bakal'),
(48, 'bakalan'),
(49, 'balik'),
(50, 'banyak'),
(51, 'bapak'),
(52, 'baru'),
(53, 'bawah'),
(54, 'beberapa'),
(55, 'begini'),
(56, 'beginian'),
(57, 'beginikah'),
(58, 'beginilah'),
(59, 'begitu'),
(60, 'begitukah'),
(61, 'begitulah'),
(62, 'begitupun'),
(63, 'bekerja'),
(64, 'belakang'),
(65, 'belakangan'),
(66, 'belum'),
(67, 'belumlah'),
(68, 'benar'),
(69, 'benarkah'),
(70, 'benarlah'),
(71, 'berada'),
(72, 'berakhir'),
(73, 'berakhirlah'),
(74, 'berakhirnya'),
(75, 'berapa'),
(76, 'berapakah'),
(77, 'berapalah'),
(78, 'berapapun'),
(79, 'berarti'),
(80, 'berawal'),
(81, 'berbagai'),
(82, 'berdatangan'),
(83, 'beri'),
(84, 'berikan'),
(85, 'berikut'),
(86, 'berikutnya'),
(87, 'berjumlah'),
(88, 'berkali-kali'),
(89, 'berkata'),
(90, 'berkehendak'),
(91, 'berkeinginan'),
(92, 'berkenaan'),
(93, 'berlainan'),
(94, 'berlalu'),
(95, 'berlangsung'),
(96, 'berlebihan'),
(97, 'bermacam'),
(98, 'bermacam-macam'),
(99, 'bermaksud'),
(100, 'bermula'),
(101, 'bersama'),
(102, 'bersama-sama'),
(103, 'bersiap'),
(104, 'bersiap-siap'),
(105, 'bertanya'),
(106, 'bertanya-tanya'),
(107, 'berturut'),
(108, 'berturut-turut'),
(109, 'bertutur'),
(110, 'berujar'),
(111, 'berupa'),
(112, 'besar'),
(113, 'betul'),
(114, 'betulkah'),
(115, 'biasa'),
(116, 'biasanya'),
(117, 'bila'),
(118, 'bilakah'),
(119, 'bisa'),
(120, 'bisakah'),
(121, 'boleh'),
(122, 'bolehkah'),
(123, 'bolehlah'),
(124, 'buat'),
(125, 'bukan'),
(126, 'bukankah'),
(127, 'bukanlah'),
(128, 'bukannya'),
(129, 'bulan'),
(130, 'bung'),
(131, 'cara'),
(132, 'caranya'),
(133, 'cukup'),
(134, 'cukupkah'),
(135, 'cukuplah'),
(136, 'cuma'),
(137, 'dahulu'),
(138, 'dalam'),
(139, 'dan'),
(140, 'dapat'),
(141, 'dari'),
(142, 'daripada'),
(143, 'datang'),
(144, 'dekat'),
(145, 'demi'),
(146, 'demikian'),
(147, 'demikianlah'),
(148, 'dengan'),
(149, 'depan'),
(150, 'di'),
(151, 'dia'),
(152, 'diakhiri'),
(153, 'diakhirinya'),
(154, 'dialah'),
(155, 'diantara'),
(156, 'diantaranya'),
(157, 'diberi'),
(158, 'diberikan'),
(159, 'diberikannya'),
(160, 'dibuat'),
(161, 'dibuatnya'),
(162, 'didapat'),
(163, 'didatangkan'),
(164, 'digunakan'),
(165, 'diibaratkan'),
(166, 'diibaratkannya'),
(167, 'diingat'),
(168, 'diingatkan'),
(169, 'diinginkan'),
(170, 'dijawab'),
(171, 'dijelaskan'),
(172, 'dijelaskannya'),
(173, 'dikarenakan'),
(174, 'dikatakan'),
(175, 'dikatakannya'),
(176, 'dikerjakan'),
(177, 'diketahui'),
(178, 'diketahuinya'),
(179, 'dikira'),
(180, 'dilakukan'),
(181, 'dilalui'),
(182, 'dilihat'),
(183, 'dimaksud'),
(184, 'dimaksudkan'),
(185, 'dimaksudkannya'),
(186, 'dimaksudnya'),
(187, 'diminta'),
(188, 'dimintai'),
(189, 'dimisalkan'),
(190, 'dimulai'),
(191, 'dimulailah'),
(192, 'dimulainya'),
(193, 'dimungkinkan'),
(194, 'dini'),
(195, 'dipastikan'),
(196, 'diperbuat'),
(197, 'diperbuatnya'),
(198, 'dipergunakan'),
(199, 'diperkirakan'),
(200, 'diperlihatkan'),
(201, 'diperlukan'),
(202, 'diperlukannya'),
(203, 'dipersoalkan'),
(204, 'dipertanyakan'),
(205, 'dipunyai'),
(206, 'diri'),
(207, 'dirinya'),
(208, 'disampaikan'),
(209, 'disebut'),
(210, 'disebutkan'),
(211, 'disebutkannya'),
(212, 'disini'),
(213, 'disinilah'),
(214, 'ditambahkan'),
(215, 'ditandaskan'),
(216, 'ditanya'),
(217, 'ditanyai'),
(218, 'ditanyakan'),
(219, 'ditegaskan'),
(220, 'ditujukan'),
(221, 'ditunjuk'),
(222, 'ditunjuki'),
(223, 'ditunjukkan'),
(224, 'ditunjukkannya'),
(225, 'ditunjuknya'),
(226, 'dituturkan'),
(227, 'dituturkannya'),
(228, 'diucapkan'),
(229, 'diucapkannya'),
(230, 'diungkapkan'),
(231, 'dong'),
(232, 'dua'),
(233, 'dulu'),
(234, 'empat'),
(235, 'enggak'),
(236, 'enggaknya'),
(237, 'entah'),
(238, 'entahlah'),
(239, 'guna'),
(240, 'gunakan'),
(241, 'hal'),
(242, 'hampir'),
(243, 'hanya'),
(244, 'hanyalah'),
(245, 'hari'),
(246, 'harus'),
(247, 'haruslah'),
(248, 'harusnya'),
(249, 'hendak'),
(250, 'hendaklah'),
(251, 'hendaknya'),
(252, 'hingga'),
(253, 'ia'),
(254, 'ialah'),
(255, 'ibarat'),
(256, 'ibaratkan'),
(257, 'ibaratnya'),
(258, 'ibu'),
(259, 'ikut'),
(260, 'ingat'),
(261, 'ingat-ingat'),
(262, 'ingin'),
(263, 'inginkah'),
(264, 'inginkan'),
(265, 'ini'),
(266, 'inikah'),
(267, 'inilah'),
(268, 'itu'),
(269, 'itukah'),
(270, 'itulah'),
(271, 'jadi'),
(272, 'jadilah'),
(273, 'jadinya'),
(274, 'jangan'),
(275, 'jangankan'),
(276, 'janganlah'),
(277, 'jauh'),
(278, 'jawab'),
(279, 'jawaban'),
(280, 'jawabnya'),
(281, 'jelas'),
(282, 'jelaskan'),
(283, 'jelaslah'),
(284, 'jelasnya'),
(285, 'jika'),
(286, 'jikalau'),
(287, 'juga'),
(288, 'jumlah'),
(289, 'jumlahnya'),
(290, 'justru'),
(291, 'kala'),
(292, 'kalau'),
(293, 'kalaulah'),
(294, 'kalaupun'),
(295, 'kalian'),
(296, 'kami'),
(297, 'kamilah'),
(298, 'kamu'),
(299, 'kamulah'),
(300, 'kan'),
(301, 'kapan'),
(302, 'kapankah'),
(303, 'kapanpun'),
(304, 'karena'),
(305, 'karenanya'),
(306, 'kasus'),
(307, 'kata'),
(308, 'katakan'),
(309, 'katakanlah'),
(310, 'katanya'),
(311, 'ke'),
(312, 'keadaan'),
(313, 'kebetulan'),
(314, 'kecil'),
(315, 'kedua'),
(316, 'keduanya'),
(317, 'keinginan'),
(318, 'kelamaan'),
(319, 'kelihatan'),
(320, 'kelihatannya'),
(321, 'kelima'),
(322, 'keluar'),
(323, 'kembali'),
(324, 'kemudian'),
(325, 'kemungkinan'),
(326, 'kemungkinannya'),
(327, 'kenapa'),
(328, 'kepada'),
(329, 'kepadanya'),
(330, 'kesampaian'),
(331, 'keseluruhan'),
(332, 'keseluruhannya'),
(333, 'keterlaluan'),
(334, 'ketika'),
(335, 'khususnya'),
(336, 'kini'),
(337, 'kinilah'),
(338, 'kira'),
(339, 'kira-kira'),
(340, 'kiranya'),
(341, 'kita'),
(342, 'kitalah'),
(343, 'kok'),
(344, 'kurang'),
(345, 'lagi'),
(346, 'lagian'),
(347, 'lah'),
(348, 'lain'),
(349, 'lainnya'),
(350, 'lalu'),
(351, 'lama'),
(352, 'lamanya'),
(353, 'lanjut'),
(354, 'lanjutnya'),
(355, 'lebih'),
(356, 'lewat'),
(357, 'lima'),
(358, 'luar'),
(359, 'macam'),
(360, 'maka'),
(361, 'makanya'),
(362, 'makin'),
(363, 'malah'),
(364, 'malahan'),
(365, 'mampu'),
(366, 'mampukah'),
(367, 'mana'),
(368, 'manakala'),
(369, 'manalagi'),
(370, 'masa'),
(371, 'masalah'),
(372, 'masalahnya'),
(373, 'masih'),
(374, 'masihkah'),
(375, 'masing'),
(376, 'masing-masing'),
(377, 'mau'),
(378, 'maupun'),
(379, 'melainkan'),
(380, 'melakukan'),
(381, 'melalui'),
(382, 'melihat'),
(383, 'melihatnya'),
(384, 'memang'),
(385, 'memastikan'),
(386, 'memberi'),
(387, 'memberikan'),
(388, 'membuat'),
(389, 'memerlukan'),
(390, 'memihak'),
(391, 'meminta'),
(392, 'memintakan'),
(393, 'memisalkan'),
(394, 'memperbuat'),
(395, 'mempergunakan'),
(396, 'memperkirakan'),
(397, 'memperlihatkan'),
(398, 'mempersiapkan'),
(399, 'mempersoalkan'),
(400, 'mempertanyakan'),
(401, 'mempunyai'),
(402, 'memulai'),
(403, 'memungkinkan'),
(404, 'menaiki'),
(405, 'menambahkan'),
(406, 'menandaskan'),
(407, 'menanti'),
(408, 'menanti-nanti'),
(409, 'menantikan'),
(410, 'menanya'),
(411, 'menanyai'),
(412, 'menanyakan'),
(413, 'mendapat'),
(414, 'mendapatkan'),
(415, 'mendatang'),
(416, 'mendatangi'),
(417, 'mendatangkan'),
(418, 'menegaskan'),
(419, 'mengakhiri'),
(420, 'mengapa'),
(421, 'mengatakan'),
(422, 'mengatakannya'),
(423, 'mengenai'),
(424, 'mengerjakan'),
(425, 'mengetahui'),
(426, 'menggunakan'),
(427, 'menghendaki'),
(428, 'mengibaratkan'),
(429, 'mengibaratkannya'),
(430, 'mengingat'),
(431, 'mengingatkan'),
(432, 'menginginkan'),
(433, 'mengira'),
(434, 'mengucapkan'),
(435, 'mengucapkannya'),
(436, 'mengungkapkan'),
(437, 'menjadi'),
(438, 'menjawab'),
(439, 'menjelaskan'),
(440, 'menuju'),
(441, 'menunjuk'),
(442, 'menunjuki'),
(443, 'menunjukkan'),
(444, 'menunjuknya'),
(445, 'menurut'),
(446, 'menuturkan'),
(447, 'menyampaikan'),
(448, 'menyangkut'),
(449, 'menyatakan'),
(450, 'menyebutkan'),
(451, 'menyeluruh'),
(452, 'menyiapkan'),
(453, 'merasa'),
(454, 'mereka'),
(455, 'merekalah'),
(456, 'merupakan'),
(457, 'meski'),
(458, 'meskipun'),
(459, 'meyakini'),
(460, 'meyakinkan'),
(461, 'minta'),
(462, 'mirip'),
(463, 'misal'),
(464, 'misalkan'),
(465, 'misalnya'),
(466, 'mula'),
(467, 'mulai'),
(468, 'mulailah'),
(469, 'mulanya'),
(470, 'mungkin'),
(471, 'mungkinkah'),
(472, 'nah'),
(473, 'naik'),
(474, 'namun'),
(475, 'nanti'),
(476, 'nantinya'),
(477, 'nyaris'),
(478, 'nyatanya'),
(479, 'oleh'),
(480, 'olehnya'),
(481, 'pada'),
(482, 'padahal'),
(483, 'padanya'),
(484, 'pak'),
(485, 'paling'),
(486, 'panjang'),
(487, 'pantas'),
(488, 'para'),
(489, 'pasti'),
(490, 'pastilah'),
(491, 'penting'),
(492, 'pentingnya'),
(493, 'per'),
(494, 'percuma'),
(495, 'perlu'),
(496, 'perlukah'),
(497, 'perlunya'),
(498, 'pernah'),
(499, 'persoalan'),
(500, 'pertama'),
(501, 'pertama-tama'),
(502, 'pertanyaan'),
(503, 'pertanyakan'),
(504, 'pihak'),
(505, 'pihaknya'),
(506, 'pukul'),
(507, 'pula'),
(508, 'pun'),
(509, 'punya'),
(510, 'rasa'),
(511, 'rasanya'),
(512, 'rata'),
(513, 'rupanya'),
(514, 'saat'),
(515, 'saatnya'),
(516, 'saja'),
(517, 'sajalah'),
(518, 'saling'),
(519, 'sama'),
(520, 'sama-sama'),
(521, 'sambil'),
(522, 'sampai'),
(523, 'sampai-sampai'),
(524, 'sampaikan'),
(525, 'sana'),
(526, 'sangat'),
(527, 'sangatlah'),
(528, 'satu'),
(529, 'saya'),
(530, 'sayalah'),
(531, 'se'),
(532, 'sebab'),
(533, 'sebabnya'),
(534, 'sebagai'),
(535, 'sebagaimana'),
(536, 'sebagainya'),
(537, 'sebagian'),
(538, 'sebaik'),
(539, 'sebaik-baiknya'),
(540, 'sebaiknya'),
(541, 'sebaliknya'),
(542, 'sebanyak'),
(543, 'sebegini'),
(544, 'sebegitu'),
(545, 'sebelum'),
(546, 'sebelumnya'),
(547, 'sebenarnya'),
(548, 'seberapa'),
(549, 'sebesar'),
(550, 'sebetulnya'),
(551, 'sebisanya'),
(552, 'sebuah'),
(553, 'sebut'),
(554, 'sebutlah'),
(555, 'sebutnya'),
(556, 'secara'),
(557, 'secukupnya'),
(558, 'sedang'),
(559, 'sedangkan'),
(560, 'sedemikian'),
(561, 'sedikit'),
(562, 'sedikitnya'),
(563, 'seenaknya'),
(564, 'segala'),
(565, 'segalanya'),
(566, 'segera'),
(567, 'seharusnya'),
(568, 'sehingga'),
(569, 'seingat'),
(570, 'sejak'),
(571, 'sejauh'),
(572, 'sejenak'),
(573, 'sejumlah'),
(574, 'sekadar'),
(575, 'sekadarnya'),
(576, 'sekali'),
(577, 'sekali-kali'),
(578, 'sekalian'),
(579, 'sekaligus'),
(580, 'sekalipun'),
(581, 'sekarang'),
(582, 'sekarang'),
(583, 'sekecil'),
(584, 'seketika'),
(585, 'sekiranya'),
(586, 'sekitar'),
(587, 'sekitarnya'),
(588, 'sekurang-kurangnya'),
(589, 'sekurangnya'),
(590, 'sela'),
(591, 'selain'),
(592, 'selaku'),
(593, 'selalu'),
(594, 'selama'),
(595, 'selama-lamanya'),
(596, 'selamanya'),
(597, 'selanjutnya'),
(598, 'seluruh'),
(599, 'seluruhnya'),
(600, 'semacam'),
(601, 'semakin'),
(602, 'semampu'),
(603, 'semampunya'),
(604, 'semasa'),
(605, 'semasih'),
(606, 'semata'),
(607, 'semata-mata'),
(608, 'semaunya'),
(609, 'sementara'),
(610, 'semisal'),
(611, 'semisalnya'),
(612, 'sempat'),
(613, 'semua'),
(614, 'semuanya'),
(615, 'semula'),
(616, 'sendiri'),
(617, 'sendirian'),
(618, 'sendirinya'),
(619, 'seolah'),
(620, 'seolah-olah'),
(621, 'seorang'),
(622, 'sepanjang'),
(623, 'sepantasnya'),
(624, 'sepantasnyalah'),
(625, 'seperlunya'),
(626, 'seperti'),
(627, 'sepertinya'),
(628, 'sepihak'),
(629, 'sering'),
(630, 'seringnya'),
(631, 'serta'),
(632, 'serupa'),
(633, 'sesaat'),
(634, 'sesama'),
(635, 'sesampai'),
(636, 'sesegera'),
(637, 'sesekali'),
(638, 'seseorang'),
(639, 'sesuatu'),
(640, 'sesuatunya'),
(641, 'sesudah'),
(642, 'sesudahnya'),
(643, 'setelah'),
(644, 'setempat'),
(645, 'setengah'),
(646, 'seterusnya'),
(647, 'setiap'),
(648, 'setiba'),
(649, 'setibanya'),
(650, 'setidak-tidaknya'),
(651, 'setidaknya'),
(652, 'setinggi'),
(653, 'seusai'),
(654, 'sewaktu'),
(655, 'siap'),
(656, 'siapa'),
(657, 'siapakah'),
(658, 'siapapun'),
(659, 'sini'),
(660, 'sinilah'),
(661, 'soal'),
(662, 'soalnya'),
(663, 'suatu'),
(664, 'sudah'),
(665, 'sudahkah'),
(666, 'sudahlah'),
(667, 'supaya'),
(668, 'tadi'),
(669, 'tadinya'),
(670, 'tahu'),
(671, 'tahun'),
(672, 'tak'),
(673, 'tambah'),
(674, 'tambahnya'),
(675, 'tampak'),
(676, 'tampaknya'),
(677, 'tandas'),
(678, 'tandasnya'),
(679, 'tanpa'),
(680, 'tanya'),
(681, 'tanyakan'),
(682, 'tanyanya'),
(683, 'tapi'),
(684, 'tegas'),
(685, 'tegasnya'),
(686, 'telah'),
(687, 'tempat'),
(688, 'tengah'),
(689, 'tentang'),
(690, 'tentu'),
(691, 'tentulah'),
(692, 'tentunya'),
(693, 'tepat'),
(694, 'terakhir'),
(695, 'terasa'),
(696, 'terbanyak'),
(697, 'terdahulu'),
(698, 'terdapat'),
(699, 'terdiri'),
(700, 'terhadap'),
(701, 'terhadapnya'),
(702, 'teringat'),
(703, 'teringat-ingat'),
(704, 'terjadi'),
(705, 'terjadilah'),
(706, 'terjadinya'),
(707, 'terkira'),
(708, 'terlalu'),
(709, 'terlebih'),
(710, 'terlihat'),
(711, 'termasuk'),
(712, 'ternyata'),
(713, 'tersampaikan'),
(714, 'tersebut'),
(715, 'tersebutlah'),
(716, 'tertentu'),
(717, 'tertuju'),
(718, 'terus'),
(719, 'terutama'),
(720, 'tetap'),
(721, 'tetapi'),
(722, 'tiap'),
(723, 'tiba'),
(724, 'tiba-tiba'),
(725, 'tidak'),
(726, 'tidakkah'),
(727, 'tidaklah'),
(728, 'tiga'),
(729, 'tinggi'),
(730, 'toh'),
(731, 'tunjuk'),
(732, 'turut'),
(733, 'tutur'),
(734, 'tuturnya'),
(735, 'ucap'),
(736, 'ucapnya'),
(737, 'ujar'),
(738, 'ujarnya'),
(739, 'umum'),
(740, 'umumnya'),
(741, 'ungkap'),
(742, 'ungkapnya'),
(743, 'untuk'),
(744, 'usah'),
(745, 'usai'),
(746, 'waduh'),
(747, 'wah'),
(748, 'wahai'),
(749, 'waktu'),
(750, 'waktunya'),
(751, 'walau'),
(752, 'walaupun'),
(753, 'wong'),
(754, 'yaitu'),
(755, 'yakin'),
(756, 'yakni'),
(757, 'yang'),
(765, 'erwr');

--
-- Indexes for dumped tables
--

--
-- Indexes for table `daftar_skripsi`
--
ALTER TABLE `daftar_skripsi`
  ADD PRIMARY KEY (`id`);

--
-- Indexes for table `stopwords`
--
ALTER TABLE `stopwords`
  ADD PRIMARY KEY (`id`);

--
-- AUTO_INCREMENT for dumped tables
--

--
-- AUTO_INCREMENT for table `daftar_skripsi`
--
ALTER TABLE `daftar_skripsi`
  MODIFY `id` int(11) NOT NULL AUTO_INCREMENT, AUTO_INCREMENT=71;

--
-- AUTO_INCREMENT for table `stopwords`
--
ALTER TABLE `stopwords`
  MODIFY `id` int(11) NOT NULL AUTO_INCREMENT, AUTO_INCREMENT=767;
COMMIT;

/*!40101 SET CHARACTER_SET_CLIENT=@OLD_CHARACTER_SET_CLIENT */;
/*!40101 SET CHARACTER_SET_RESULTS=@OLD_CHARACTER_SET_RESULTS */;
/*!40101 SET COLLATION_CONNECTION=@OLD_COLLATION_CONNECTION */;
